meal_type,celebrity_slug,title,target_filename,key_ingredients,description
breakfast,lindsey-vonn,Almond Butter Quinoa Bowl with Blueberries,lindsey-vonn__almond-butter-quinoa-bowl-with-blueberries.png,Quinoa; Almond Butter; Blueberries; Almonds; Honey,"Warm cooked quinoa stirred with almond butter until creamy, then topped with fresh blueberries and chopped almonds for a carbohydrate-forward pre-training breakfast."
breakfast,tom-brady,Avocado and Egg Bowl (No Nightshades),tom-brady__avocado-and-egg-bowl-no-nightshades.png,Eggs; Spinach; Mushrooms; Avocado; Sweet Potato; Extra Virgin Olive Oil,"Eggs with avocado, mushrooms, and sweet potato"
breakfast,gisele-bundchen,Avocado and Egg Scramble on Gluten-Free Toast,gisele-bundchen__avocado-and-egg-scramble-on-gluten-free-toast.png,Eggs; Avocado; Ezekiel Bread; Spinach; Extra Virgin Olive Oil; Sea Salt,"Soft-scrambled eggs folded with diced avocado, served on toasted Ezekiel bread with a side of fresh spinach for a simple high-protein morning plate."
breakfast,gisele-bundchen,Avocado and Egg Toast on Ezekiel Bread,gisele-bundchen__avocado-and-egg-toast-on-ezekiel-bread.png,Ezekiel Bread; Eggs; Avocado; Lemon; Pumpkin Seeds; Cilantro,"Two organic eggs with creamy mashed avocado on toasted Ezekiel bread, finished with pumpkin seeds and fresh herbs — a nourishing brunch staple."
breakfast,gwyneth-paltrow,Avocado and Smoked Salmon Toast,gwyneth-paltrow__avocado-and-smoked-salmon-toast.png,Ezekiel Bread; Avocado; Smoked Salmon; Lemon; Capers; Dill,Smoked salmon and avocado on Ezekiel toast
breakfast,joaquin-phoenix,Avocado and Sprout Toast,joaquin-phoenix__avocado-and-sprout-toast.png,Ezekiel Bread; Avocado; Bean Sprouts; Lemon; Sea Salt,Avocado and sprouts on Ezekiel toast
breakfast,natalie-portman,Avocado Toast with Chickpea Spread,natalie-portman__avocado-toast-with-chickpea-spread.png,Sourdough Bread; Chickpeas; Avocado; Lemon; Cherry Tomatoes; Cumin,Mashed chickpea and avocado toast
breakfast,tabitha-brown,Avocado Toast with Hemp Seeds,tabitha-brown__avocado-toast-with-hemp-seeds.png,Whole Wheat Bread; Avocado; Tomato; Hemp Seeds; Sea Salt; Black Pepper,Mashed avocado on toasted whole wheat bread topped with sliced tomato and a generous sprinkle of hemp seeds.
breakfast,lebron-james,Avocado Toast with Smoked Salmon and Eggs,lebron-james__avocado-toast-with-smoked-salmon-and-eggs.png,Sourdough Bread; Avocado; Smoked Salmon; Eggs; Black Pepper,"Smoked salmon, egg, and avocado toast"
breakfast,natalie-portman,Berry and Granola Smoothie Bowl,natalie-portman__berry-and-granola-smoothie-bowl.png,Frozen Mixed Berries; Frozen Banana; Almond Milk; Granola; Chia Seeds; Strawberries,Berry smoothie bowl with granola and chia
breakfast,megan-thee-stallion,Blueberry Banana Almond Milk Smoothie Bowl,megan-thee-stallion__blueberry-banana-almond-milk-smoothie-bowl.png,Frozen Banana; Blueberries; Almond Milk; Plant Protein Powder; Granola,"A thick blended base of frozen banana, blueberries, almond milk, and plant protein poured into a bowl and topped with crunchy granola."
breakfast,tia-clair-toomey,Champion's Breakfast Bowl,tia-clair-toomey__champion-s-breakfast-bowl.png,Eggs; Bacon; Bagel; Peanut Butter; Banana; Blueberries,"Scrambled eggs and crispy bacon served alongside a toasted bagel with peanut butter, fresh banana, and blueberries — the same morning meal Tia-Clair Toomey uses to power early training sessions."
breakfast,joaquin-phoenix,Chia Pudding with Mango,joaquin-phoenix__chia-pudding-with-mango.png,Chia Seeds; Coconut Milk; Agave Nectar; Mango; Coconut Flakes,Coconut chia pudding with mango
breakfast,dwayne-johnson,Cod and Sweet Potato Breakfast,dwayne-johnson__cod-and-sweet-potato-breakfast.png,Cod Fillet; Sweet Potato; Asparagus; Lemon,Baked cod with sweet potato and asparagus
breakfast,jennifer-aniston,Collagen Coffee Smoothie,jennifer-aniston__collagen-coffee-smoothie.png,Frozen Banana; Collagen Peptides; Almond Milk; Almond Butter; Cinnamon,Banana coffee smoothie with collagen
breakfast,cameron-diaz,Collard Green and Egg White Oat Skillet,cameron-diaz__collard-green-and-egg-white-oat-skillet.png,Rolled Oats; Collard Greens; Egg Whites; Tomato; Extra Virgin Olive Oil; Garlic,"Rolled oats par-cooked then folded into a skillet with sauteed collard greens, diced fresh tomato, and egg whites stirred through, served with lemon over the top."
breakfast,tia-clair-toomey,Egg & Bacon Scramble with Sliced Avocado,tia-clair-toomey__egg-bacon-scramble-with-sliced-avocado.png,Eggs; Bacon; Avocado; Avocado Oil; Sea Salt; Black Pepper,"Fluffy scrambled eggs paired with crispy bacon strips and fanned avocado slices on the side — a low-carb, high-fat morning plate built for early training sessions."
breakfast,lindsey-vonn,"Egg Scramble with Peppers, Mushrooms and Onion",lindsey-vonn__egg-scramble-with-peppers-mushrooms-and-onion.png,Eggs; Bell Pepper; Mushrooms; Yellow Onion; Extra Virgin Olive Oil; Sea Salt,"A satisfying high-protein morning scramble built from three whole eggs sauteed with colorful bell pepper, earthy mushrooms, and yellow onion. This is the exact breakfast documented in Lindsey Vonn's performance nutrition plan and delivers approximately 22 grams of protein to start the day."
breakfast,cristiano-ronaldo,Egg White and Avocado Breakfast Plate,cristiano-ronaldo__egg-white-and-avocado-breakfast-plate.png,Egg Whites; Avocado; Whole Wheat Bread; Extra Virgin Olive Oil; Sea Salt,Egg whites and avocado on whole-wheat toast
breakfast,lindsey-vonn,Egg White and Spinach Scramble with Mushrooms,lindsey-vonn__egg-white-and-spinach-scramble-with-mushrooms.png,Egg Whites; Spinach; Mushrooms; Yellow Onion; Extra Virgin Olive Oil; Sea Salt,"A lean, high-protein breakfast scramble built on egg whites sauteed with yellow onion, earthy mushrooms, and wilted spinach."
breakfast,dwayne-johnson,Egg White Omelette with Vegetables,dwayne-johnson__egg-white-omelette-with-vegetables.png,Egg Whites; Mushrooms; Spinach; Bell Pepper; Extra Virgin Olive Oil,"Egg-white omelette with mushrooms, spinach, and peppers"
breakfast,lindsey-vonn,"Eggs with Broccoli, Bell Pepper, and Onion",lindsey-vonn__eggs-with-broccoli-bell-pepper-and-onion.png,Eggs; Broccoli; Bell Pepper; Yellow Onion; Extra Virgin Olive Oil; Sea Salt,"A whole-egg scramble loaded with broccoli florets, diced bell pepper, and yellow onion for a colorful, vegetable-forward morning plate."
breakfast,gwyneth-paltrow,Grain-Free Granola Bowl,gwyneth-paltrow__grain-free-granola-bowl.png,Almonds; Walnuts; Coconut Flakes; Pumpkin Seeds; Cinnamon; Coconut Yogurt,Grain-free nut granola with coconut yogurt
breakfast,jennifer-aniston,Greek Yogurt Parfait,jennifer-aniston__greek-yogurt-parfait.png,Greek Yogurt; Granola; Blueberries; Strawberries; Honey,Greek yogurt parfait with granola and berries
breakfast,beyonce,Green Power Pancakes,beyonce__green-power-pancakes.png,Rolled Oats; Banana; Spinach; Almond Milk; Ground Flaxseed; Coconut Oil,Oat-banana pancakes blended with spinach and blueberries
breakfast,gwyneth-paltrow,Green Vegetable Frittata,gwyneth-paltrow__green-vegetable-frittata.png,Eggs; Spinach; Zucchini; Leek; Extra Virgin Olive Oil; Thyme,"Frittata with spinach, zucchini, and leek"
breakfast,megan-thee-stallion,Hot Girl Strawberry Banana Protein Smoothie,megan-thee-stallion__hot-girl-strawberry-banana-protein-smoothie.png,Almond Milk; Frozen Banana; Strawberries; Plant Protein Powder; Honey,"A thick, creamy strawberry-banana protein shake blended with almond milk and plant protein powder — the quick pre-workout fuel documented in Megan's routine."
breakfast,ariana-grande,Japanese Rice Porridge with Mushrooms,ariana-grande__japanese-rice-porridge-with-mushrooms.png,White Rice; Vegetable Broth; Shiitake Mushrooms; Sesame Oil; Scallions; Tamari,Rice porridge with shiitake and scallions
breakfast,tabitha-brown,Loaded Avocado and Mushroom Wrap,tabitha-brown__loaded-avocado-and-mushroom-wrap.png,Whole Wheat Tortilla; Avocado; Mushrooms; Tomato; Hemp Seeds; Avocado Oil,Sauteed mushrooms and mashed avocado rolled inside a whole wheat tortilla with sliced tomato and a sprinkle of hemp seeds.
breakfast,ariana-grande,Matcha Chia Pudding,ariana-grande__matcha-chia-pudding.png,Matcha Powder; Almond Milk; Chia Seeds; Maple Syrup; Blueberries; Coconut Flakes,Matcha chia pudding with blueberries and coconut
breakfast,gisele-bundchen,Millet Porridge with Fruit and Seeds,gisele-bundchen__millet-porridge-with-fruit-and-seeds.png,Millet; Coconut Oil; Banana; Mango; Pumpkin Seeds,"Creamy millet porridge stirred with coconut oil and topped with seasonal fruit and seeds for a naturally sweet, plant-forward breakfast."
breakfast,ariana-grande,Miso Oatmeal Bowl,ariana-grande__miso-oatmeal-bowl.png,Rolled Oats; White Miso Paste; Sesame Seeds; Scallions; Sesame Oil,Savory oats with white miso and sesame
breakfast,madelaine-petsch,Overnight Oat Parfait with Berries and Almonds,madelaine-petsch__overnight-oat-parfait-with-berries-and-almonds.png,Rolled Oats; Almond Milk; Almond Butter; Blueberries; Raspberries; Almonds,"Oats soaked overnight in almond milk layered in a glass with almond butter, fresh blueberries and raspberries, and a crunchy finish of crushed almonds."
breakfast,tabitha-brown,Overnight Oats with Banana and Chia,tabitha-brown__overnight-oats-with-banana-and-chia.png,Rolled Oats; Chia Seeds; Oat Milk; Maple Syrup; Cinnamon; Vanilla Extract,"Creamy overnight oats layered with chia seeds, sliced banana, and a drizzle of maple syrup — a no-cook breakfast Tabitha reaches for when mornings are busy but nourishment still matters."
breakfast,beyonce,Overnight Oats with Berries,beyonce__overnight-oats-with-berries.png,Rolled Oats; Chia Seeds; Almond Milk; Maple Syrup; Strawberries; Almond Butter,Overnight oats with chia and strawberries
breakfast,madelaine-petsch,Overnight Oats with Cacao Nibs and Raspberries,madelaine-petsch__overnight-oats-with-cacao-nibs-and-raspberries.png,Rolled Oats; Almond Milk; Chia Seeds; Maple Syrup; Raspberries; Cacao Nibs,Creamy overnight oats soaked in almond milk and topped with cacao nibs and fresh raspberries — Madelaine's go-to morning meal.
breakfast,natalie-portman,Overnight Oats with Walnuts and Banana,natalie-portman__overnight-oats-with-walnuts-and-banana.png,Rolled Oats; Oat Milk; Chia Seeds; Maple Syrup; Banana; Walnuts,Overnight oats with walnuts and banana
breakfast,lebron-james,Power Egg Scramble with Sweet Potato,lebron-james__power-egg-scramble-with-sweet-potato.png,Eggs; Sweet Potato; Spinach; Avocado Oil,Egg scramble with sweet potato and spinach
breakfast,tia-clair-toomey,Protein Oat & Banana Bowl,tia-clair-toomey__protein-oat-banana-bowl.png,Rolled Oats; Whey Protein Powder; Banana; Peanut Butter; Honey; Cinnamon,"Warm rolled oats with a scoop of whey protein stirred in while hot, topped with sliced banana and a spoonful of peanut butter for a steady carb-and-protein combination."
breakfast,cristiano-ronaldo,Protein Oatmeal with Berries,cristiano-ronaldo__protein-oatmeal-with-berries.png,Steel-Cut Oats; Whey Protein Powder; Blueberries; Strawberries; Honey,Protein steel-cut oats with mixed berries
breakfast,dwayne-johnson,Protein Oats with Egg Whites,dwayne-johnson__protein-oats-with-egg-whites.png,Rolled Oats; Egg Whites; Blueberries; Honey,Rolled oats with egg whites and blueberries
breakfast,lebron-james,Protein Pancakes with Berries,lebron-james__protein-pancakes-with-berries.png,Rolled Oats; Egg Whites; Banana; Whey Protein Powder; Blueberries; Maple Syrup,Oat-protein pancakes with banana and blueberries
breakfast,tom-brady,Protein Smoothie Bowl,tom-brady__protein-smoothie-bowl.png,Frozen Banana; Plant Protein Powder; Almond Milk; Granola; Blueberries; Pumpkin Seeds,Plant-protein smoothie bowl with granola
breakfast,beyonce,Quinoa Breakfast Bowl,beyonce__quinoa-breakfast-bowl.png,Quinoa; Almond Milk; Banana; Blueberries; Walnuts; Maple Syrup,"Quinoa with almond milk, banana, and walnuts"
breakfast,gisele-bundchen,Quinoa Breakfast Bowl with Nuts and Fruit,gisele-bundchen__quinoa-breakfast-bowl-with-nuts-and-fruit.png,Quinoa; Banana; Blueberries; Almonds; Walnuts; Chia Seeds,"Warm leftover quinoa topped with a mix of almonds, walnuts, sliced banana, and blueberries for a protein-rich grain bowl alternative to oatmeal."
breakfast,tom-brady,Quinoa Porridge with Seeds,tom-brady__quinoa-porridge-with-seeds.png,Quinoa; Almond Milk; Chia Seeds; Hemp Seeds; Blueberries,Quinoa porridge with chia and hemp seeds
breakfast,joaquin-phoenix,Raw Fruit and Nut Bowl,joaquin-phoenix__raw-fruit-and-nut-bowl.png,Banana; Apple; Pear; Walnuts; Pumpkin Seeds; Agave Nectar,Fresh fruit with walnuts and pumpkin seeds
breakfast,joaquin-phoenix,Raw Oat and Seed Muesli,joaquin-phoenix__raw-oat-and-seed-muesli.png,Rolled Oats; Oat Milk; Apple; Sunflower Seeds; Blueberries,Raw oat muesli with apple and seeds
breakfast,cameron-diaz,"Savory Oat Bowl with Zucchini, Egg Whites, and Lemon",cameron-diaz__savory-oat-bowl-with-zucchini-egg-whites-and-lemon.png,Rolled Oats; Zucchini; Egg Whites; Extra Virgin Olive Oil; Lemon; Sea Salt,"Rolled oats cooked savory-style in water and topped with golden-sauteed zucchini slices, soft-cooked egg whites, and a bright squeeze of fresh lemon."
breakfast,tabitha-brown,Savory Tempeh Scramble on Toast,tabitha-brown__savory-tempeh-scramble-on-toast.png,Tempeh; Mushrooms; Tomato; Whole Wheat Bread; Avocado Oil; Smoked Paprika,"Crumbled tempeh pan-cooked with mushrooms and tomato, served over toasted whole wheat bread for a Southern-inspired vegan breakfast."
breakfast,cameron-diaz,Savory Zucchini and Collard Green Oatmeal,cameron-diaz__savory-zucchini-and-collard-green-oatmeal.png,Rolled Oats; Vegetable Broth; Zucchini; Collard Greens; Egg Whites; Garlic,"Rolled oats cooked in vegetable broth and topped with sauteed zucchini, collard greens, and fluffy egg whites — Cameron's signature savory breakfast."
breakfast,megan-thee-stallion,Scrambled Eggs with Kale and Avocado,megan-thee-stallion__scrambled-eggs-with-kale-and-avocado.png,Eggs; Kale; Avocado; Extra Virgin Olive Oil; Sea Salt; Black Pepper,Soft scrambled eggs folded with wilted kale and served alongside sliced avocado on a single plate.
breakfast,jennifer-aniston,Smoked Salmon and Egg Plate,jennifer-aniston__smoked-salmon-and-egg-plate.png,Eggs; Smoked Salmon; Avocado; Cherry Tomatoes; Extra Virgin Olive Oil,Eggs and smoked salmon with avocado
breakfast,madelaine-petsch,Spinach Berry Smoothie Bowl,madelaine-petsch__spinach-berry-smoothie-bowl.png,Spinach; Frozen Mixed Berries; Frozen Banana; Almond Milk; Rolled Oats; Raspberries,"A thick blended base of spinach, frozen mixed berries, and frozen banana poured into a bowl and topped with rolled oats, fresh raspberries, and cacao nibs."
breakfast,dwayne-johnson,Steak and Eggs Breakfast,dwayne-johnson__steak-and-eggs-breakfast.png,Beef Sirloin; Egg Whites; Ezekiel Bread; Avocado Oil,Pan-seared sirloin with egg whites and avocado
breakfast,lebron-james,Steel-Cut Oats with Nut Butter,lebron-james__steel-cut-oats-with-nut-butter.png,Steel-Cut Oats; Almond Butter; Banana; Honey,Steel-cut oats with almond butter and banana
breakfast,cameron-diaz,Steel-Cut Oats with Roasted Tomato and Collard Greens,cameron-diaz__steel-cut-oats-with-roasted-tomato-and-collard-greens.png,Steel-Cut Oats; Tomato; Collard Greens; Egg Whites; Extra Virgin Olive Oil; Garlic,"Steel-cut oats cooked until chewy and topped with oven-roasted tomato halves, wilted collard greens sauteed in olive oil, and soft-cooked egg whites finished with fresh lemon."
breakfast,megan-thee-stallion,Strawberry Protein Overnight Oat-Free Parfait,megan-thee-stallion__strawberry-protein-overnight-oat-free-parfait.png,Greek Yogurt; Strawberries; Banana; Granola,"Layered Greek yogurt with fresh sliced strawberries and banana coins, crowned with crunchy granola — assembled the night before for a no-cook grab-and-go breakfast."
breakfast,gwyneth-paltrow,Sweet Potato and Kale Hash with Eggs,gwyneth-paltrow__sweet-potato-and-kale-hash-with-eggs.png,Sweet Potato; Kale; Eggs; Avocado Oil; Sea Salt; Black Pepper,Sweet potato and kale hash with eggs
breakfast,ariana-grande,Sweet Potato and Tempeh Breakfast Hash,ariana-grande__sweet-potato-and-tempeh-breakfast-hash.png,Sweet Potato; Tempeh; Coconut Oil; Cumin; Smoked Paprika; Avocado,Spiced sweet potato and tempeh hash with avocado
breakfast,cristiano-ronaldo,Sweet Potato and Turkey Sausage Scramble,cristiano-ronaldo__sweet-potato-and-turkey-sausage-scramble.png,Sweet Potato; Ground Turkey; Egg Whites; Extra Virgin Olive Oil; Paprika,Turkey and egg-white scramble with sweet potato
breakfast,beyonce,Sweet Potato Toast with Avocado,beyonce__sweet-potato-toast-with-avocado.png,Sweet Potato; Avocado; Chili Flakes; Lime; Sea Salt,Sweet potato toast with avocado and lime
breakfast,tom-brady,TB12 Sunrise Bowl,tom-brady__tb12-sunrise-bowl.png,Steel-Cut Oats; Banana; Walnuts; Hemp Seeds; Maple Syrup,"Steel-cut oats with banana, walnuts, and hemp"
breakfast,tia-clair-toomey,"Toasted Bagel with Peanut Butter, Banana & Blueberries",tia-clair-toomey__toasted-bagel-with-peanut-butter-banana-blueberries.png,Bagel; Peanut Butter; Banana; Blueberries,Toasted bagel halves spread with peanut butter and layered with sliced banana and fresh blueberries — a carb-forward pre-workout breakfast for high-output morning schedules.
breakfast,natalie-portman,Tofu Scramble with Vegetables,natalie-portman__tofu-scramble-with-vegetables.png,Tofu; Spinach; Bell Pepper; Tomato; Turmeric; Nutritional Yeast,Turmeric tofu scramble with peppers and spinach
breakfast,jennifer-aniston,Veggie Omelette with Feta,jennifer-aniston__veggie-omelette-with-feta.png,Eggs; Spinach; Tomato; Red Onion; Feta Cheese; Extra Virgin Olive Oil,"Omelette with spinach, tomato, and feta"
breakfast,madelaine-petsch,Warm Spiced Oats with Banana and Almond Butter,madelaine-petsch__warm-spiced-oats-with-banana-and-almond-butter.png,Rolled Oats; Almond Milk; Banana; Almond Butter; Cacao Nibs,"Rolled oats cooked in almond milk with mashed banana stirred in, finished with a swirl of almond butter and topped with sliced banana and cacao nibs."
breakfast,cristiano-ronaldo,Whole Wheat Toast with Eggs and Spinach,cristiano-ronaldo__whole-wheat-toast-with-eggs-and-spinach.png,Eggs; Spinach; Whole Wheat Bread; Extra Virgin Olive Oil; Sea Salt,Eggs and spinach on whole-wheat toast
lunch,madelaine-petsch,Avocado Quinoa Power Salad with Walnuts,madelaine-petsch__avocado-quinoa-power-salad-with-walnuts.png,Quinoa; Avocado; Spinach; Black Beans; Walnuts; Raspberries,"Cooled quinoa tossed with baby spinach, black beans, diced avocado, toasted walnuts, and raspberries for natural sweetness and acidity."
lunch,madelaine-petsch,Black Bean and Broccoli Brown Rice Bowl,madelaine-petsch__black-bean-and-broccoli-brown-rice-bowl.png,Brown Rice; Black Beans; Broccoli; Avocado; Spinach; Smoked Paprika,"Steamed broccoli florets served over cooked brown rice with spiced black beans, raw spinach leaves, and fanned avocado slices."
lunch,beyonce,Black Bean Tacos,beyonce__black-bean-tacos.png,Black Beans; Corn Tortillas; Guacamole; Salsa; Cilantro; Cumin,Black bean tacos with guacamole and salsa
lunch,tom-brady,Bone Broth and Vegetable Bowl,tom-brady__bone-broth-and-vegetable-bowl.png,Bone Broth; Carrot; Celery; Sweet Potato; Kale; Turmeric,Bone broth bowl with root vegetables
lunch,gwyneth-paltrow,Bone Broth and Vegetable Soup,gwyneth-paltrow__bone-broth-and-vegetable-soup.png,Bone Broth; Sweet Potato; Kale; Carrot; Celery; Yellow Onion,Bone broth soup with sweet potato and kale
lunch,gisele-bundchen,Brown Rice Bowl with Grilled Salmon and Mixed Vegetables,gisele-bundchen__brown-rice-bowl-with-grilled-salmon-and-mixed-vegetables.png,Salmon Fillet; Brown Rice; Zucchini; Bell Pepper; Broccoli; Kale,"Pan-seared salmon fillet served over steamed brown rice with sauteed zucchini, bell pepper, and broccoli, with a handful of kale for an omega-3-rich midday bowl."
lunch,tabitha-brown,"Brown Rice, Black Bean, and Greens Bowl",tabitha-brown__brown-rice-black-bean-and-greens-bowl.png,Brown Rice; Black Beans; Spinach; Avocado; Yellow Onion; Garlic,"A nourishing grain bowl of fluffy brown rice and seasoned black beans over a bed of fresh spinach, finished with sliced avocado and a squeeze of lime — simple soul food that fuels the whole day."
lunch,tabitha-brown,Carrot and Avocado Salad Wrap,tabitha-brown__carrot-and-avocado-salad-wrap.png,Whole Wheat Tortilla; Carrot; Avocado; Romaine Lettuce; Hemp Seeds; Lemon,"Ribbon-cut carrots tossed with diced avocado and romaine, wrapped in a whole wheat tortilla and finished with hemp seeds."
lunch,tom-brady,Chicken and Quinoa Salad,tom-brady__chicken-and-quinoa-salad.png,Chicken Breast; Quinoa; Spinach; Cucumber; Extra Virgin Olive Oil; Lemon,Chicken and quinoa salad with spinach
lunch,lebron-james,Chicken Bone Broth Noodle Soup,lebron-james__chicken-bone-broth-noodle-soup.png,Bone Broth; Chicken Breast; Rice Noodles; Carrot; Celery; Garlic,Chicken noodle soup in bone broth
lunch,lindsey-vonn,Chicken Breast and Quinoa Bowl with Broccoli and Bell Pepper,lindsey-vonn__chicken-breast-and-quinoa-bowl-with-broccoli-and-bell-pepper.png,Chicken Breast; Quinoa; Broccoli; Bell Pepper; Extra Virgin Olive Oil; Sea Salt,"A high-protein meal-prep bowl pairing roasted chicken breast with fluffy quinoa, steamed broccoli florets, and diced bell pepper."
lunch,dwayne-johnson,Chicken Breast with Basmati Rice,dwayne-johnson__chicken-breast-with-basmati-rice.png,Chicken Breast; Basmati Rice; Asparagus; Garlic Powder,Chicken breast with basmati rice and asparagus
lunch,cristiano-ronaldo,Chicken Caesar Salad (No Croutons),cristiano-ronaldo__chicken-caesar-salad-no-croutons.png,Chicken Breast; Romaine Lettuce; Parmesan Cheese; Extra Virgin Olive Oil; Lemon,Grilled chicken Caesar without croutons
lunch,tia-clair-toomey,Chicken Mince & Potato Skillet with Fried Egg,tia-clair-toomey__chicken-mince-potato-skillet-with-fried-egg.png,Chicken Breast; Russet Potato; Eggs; Avocado Oil; Garlic; Sea Salt,"Golden diced russet potato cooked until crisp, combined with browned chicken mince and finished with a fried egg on top — a filling, high-protein skillet lunch for afternoon training recovery."
lunch,lindsey-vonn,"Chicken, Asparagus, and Spinach Protein Bowl",lindsey-vonn__chicken-asparagus-and-spinach-protein-bowl.png,Chicken Breast; Asparagus; Spinach; Yellow Onion; Extra Virgin Olive Oil; Garlic,"A low-carb, high-protein lunch bowl of seasoned chicken breast with sauteed asparagus spears, sliced yellow onion, and fresh spinach."
lunch,beyonce,Chickpea and Quinoa Power Salad,beyonce__chickpea-and-quinoa-power-salad.png,Quinoa; Chickpeas; Cucumber; Cherry Tomatoes; Red Onion; Avocado,Quinoa-chickpea salad with avocado and lemon
lunch,natalie-portman,Chickpea and Roasted Veggie Wrap,natalie-portman__chickpea-and-roasted-veggie-wrap.png,Chickpeas; Zucchini; Bell Pepper; Whole Wheat Tortilla; Hummus; Spinach,Chickpea and roasted veggie wrap with hummus
lunch,cameron-diaz,Chickpea and Zucchini Bowl with Lemon Olive Oil,cameron-diaz__chickpea-and-zucchini-bowl-with-lemon-olive-oil.png,Chickpeas; Zucchini; Tomato; Extra Virgin Olive Oil; Lemon; Garlic,"Pan-roasted chickpeas and diced zucchini tossed with ripe tomato, extra virgin olive oil, and fresh lemon, served at room temperature as a hearty grain-free bowl."
lunch,megan-thee-stallion,Cod and Sweet Potato Brown Rice Bowl,megan-thee-stallion__cod-and-sweet-potato-brown-rice-bowl.png,Cod Fillet; Sweet Potato; Brown Rice; Extra Virgin Olive Oil; Lemon; Paprika,"Baked cod fillet served over fluffy brown rice with roasted sweet potato cubes — a lean, filling midday bowl built entirely from whole foods."
lunch,dwayne-johnson,Cod with White Rice and Broccoli,dwayne-johnson__cod-with-white-rice-and-broccoli.png,Cod Fillet; White Rice; Broccoli; Lemon,Baked cod with white rice and broccoli
lunch,ariana-grande,Edamame Avocado Sushi Bowl,ariana-grande__edamame-avocado-sushi-bowl.png,Brown Rice; Edamame; Avocado; Cucumber; Carrot; Nori Sheets,Deconstructed sushi bowl with edamame and avocado
lunch,madelaine-petsch,Green Grain Salad with Quinoa and Black Beans,madelaine-petsch__green-grain-salad-with-quinoa-and-black-beans.png,Quinoa; Black Beans; Mixed Greens; Avocado; Cherry Tomatoes; Lemon,"A hearty grain salad with fluffy quinoa, black beans, mixed greens, avocado, and a bright lemon-olive oil dressing."
lunch,lebron-james,Grilled Chicken and Avocado Wrap,lebron-james__grilled-chicken-and-avocado-wrap.png,Chicken Breast; Whole Wheat Tortilla; Avocado; Spinach; Salsa,Grilled chicken and avocado wrap with spinach
lunch,cristiano-ronaldo,Grilled Chicken and Quinoa Power Bowl,cristiano-ronaldo__grilled-chicken-and-quinoa-power-bowl.png,Chicken Breast; Quinoa; Broccoli; Sweet Potato; Extra Virgin Olive Oil; Lemon,Grilled chicken and quinoa with broccoli
lunch,tia-clair-toomey,Ground Beef Rice Bowl,tia-clair-toomey__ground-beef-rice-bowl.png,Ground Beef 93% Lean; Jasmine Rice; Broccoli; Bell Pepper; Garlic; Soy Sauce,"Seasoned lean ground beef over fluffy jasmine rice with broccoli and bell pepper — a simple, macro-friendly midday meal that delivers steady energy for afternoon training."
lunch,dwayne-johnson,Ground Bison and Rice Bowl,dwayne-johnson__ground-bison-and-rice-bowl.png,Bison; White Rice; Mushrooms; Garlic; Yellow Onion,Ground bison and rice with mushrooms
lunch,tabitha-brown,Jackfruit and Avocado Wrap,tabitha-brown__jackfruit-and-avocado-wrap.png,Whole Wheat Tortilla; Jackfruit; Avocado; Romaine Lettuce; Tomato; Avocado Oil,"Pan-caramelized shredded jackfruit tucked into a whole wheat tortilla with mashed avocado, romaine lettuce, and sliced tomato."
lunch,megan-thee-stallion,Kale and Avocado Egg Salad Bowl,megan-thee-stallion__kale-and-avocado-egg-salad-bowl.png,Eggs; Avocado; Kale; Lemon; Sea Salt; Black Pepper,"Hard-boiled eggs mashed with ripe avocado and served over a bed of raw or lightly wilted kale — a simple, filling pescatarian-friendly lunch."
lunch,beyonce,Kale Caesar with Chickpea Croutons,beyonce__kale-caesar-with-chickpea-croutons.png,Kale; Chickpeas; Tahini; Lemon; Garlic; Nutritional Yeast,Kale Caesar with crispy chickpea croutons
lunch,tia-clair-toomey,Lean Ground Beef & Rice Bowl with Avocado,tia-clair-toomey__lean-ground-beef-rice-bowl-with-avocado.png,Ground Beef 93% Lean; Jasmine Rice; Avocado; Garlic; Soy Sauce; Sesame Oil,"Seasoned 93% lean ground beef cooked and served over jasmine rice, topped with sliced avocado — a calorie-dense post-workout lunch that rebuilds glycogen and supports muscle repair."
lunch,cameron-diaz,Lemon Herb Quinoa Pasta with Spinach and Chickpeas,cameron-diaz__lemon-herb-quinoa-pasta-with-spinach-and-chickpeas.png,Whole Wheat Pasta; Chickpeas; Spinach; Cherry Tomatoes; Garlic; Extra Virgin Olive Oil,"Whole-grain quinoa pasta tossed with wilted spinach, chickpeas, cherry tomatoes, and a bright lemon-olive oil sauce — a satisfying Mediterranean-style lunch."
lunch,joaquin-phoenix,Lentil and Raw Veggie Bowl,joaquin-phoenix__lentil-and-raw-veggie-bowl.png,Lentils; Spinach; Carrot; Cucumber; Tahini; Lemon,Lentils with raw veggies and tahini
lunch,beyonce,Lentil and Sweet Potato Soup,beyonce__lentil-and-sweet-potato-soup.png,Red Lentils; Sweet Potato; Yellow Onion; Garlic; Ginger; Vegetable Broth,Spiced red lentil and sweet potato soup
lunch,cameron-diaz,Lentil and Tomato Soup with Lemon,cameron-diaz__lentil-and-tomato-soup-with-lemon.png,Lentils; Tomato; Extra Virgin Olive Oil; Garlic; Lemon; Sea Salt,"Red lentils simmered with crushed tomatoes and olive oil until thick and creamy, finished with a generous squeeze of lemon juice to brighten the bowl."
lunch,natalie-portman,Lentil and Vegetable Stew,natalie-portman__lentil-and-vegetable-stew.png,Lentils; Vegetable Broth; Yellow Onion; Garlic; Carrot; Tomato,Hearty lentil stew with kale and carrot
lunch,jennifer-aniston,Mediterranean Salmon Salad,jennifer-aniston__mediterranean-salmon-salad.png,Salmon Fillet; Mixed Greens; Cucumber; Kalamata Olives; Feta Cheese; Red Onion,"Salmon salad with olives, feta, and cucumber"
lunch,gisele-bundchen,Millet and Vegetable Stuffed Bowl with Beans,gisele-bundchen__millet-and-vegetable-stuffed-bowl-with-beans.png,Millet; White Beans; Avocado; Broccoli; Carrot; Bell Pepper,"Fluffy millet combined with seasoned white beans and roasted broccoli, carrot, and bell pepper, topped with sliced avocado and pumpkin seeds for a nutrient-dense plant-based lunch."
lunch,ariana-grande,Miso Noodle Soup,ariana-grande__miso-noodle-soup.png,Vegetable Broth; Soba Noodles; White Miso Paste; Shiitake Mushrooms; Bok Choy; Scallions,Soba noodles in miso broth with mushrooms
lunch,gisele-bundchen,Organic Chicken Bowl with Brown Rice and Roasted Vegetables,gisele-bundchen__organic-chicken-bowl-with-brown-rice-and-roasted-vegetables.png,Chicken Breast; Brown Rice; Broccoli; Sweet Potato; Zucchini; Bell Pepper,"An 80% vegetable plate with roasted broccoli, sweet potato, zucchini, and bell pepper over brown rice, topped with a simply seasoned organic chicken breast."
lunch,megan-thee-stallion,Pan-Seared Salmon over Mixed Greens,megan-thee-stallion__pan-seared-salmon-over-mixed-greens.png,Salmon Fillet; Mixed Greens; Avocado; Avocado Oil; Extra Virgin Olive Oil; Lemon,A golden-crusted salmon fillet served over a bed of mixed greens with avocado slices and a bright lemon-olive oil dressing — Megan's go-to high-protein lunch.
lunch,gisele-bundchen,Quinoa and Bean Power Bowl with Avocado,gisele-bundchen__quinoa-and-bean-power-bowl-with-avocado.png,Quinoa; Black Beans; Avocado; Mixed Greens; Broccoli; Bell Pepper,"Layered quinoa with seasoned black beans, roasted broccoli, carrot, and bell pepper, finished with sliced avocado and a sprinkle of hemp seeds for a fully plant-forward midday plate."
lunch,jennifer-aniston,Quinoa and Grilled Veggie Bowl,jennifer-aniston__quinoa-and-grilled-veggie-bowl.png,Quinoa; Zucchini; Bell Pepper; Eggplant; Extra Virgin Olive Oil; Lemon,Quinoa with grilled zucchini and peppers
lunch,natalie-portman,Quinoa Tabbouleh,natalie-portman__quinoa-tabbouleh.png,Quinoa; Cucumber; Tomato; Parsley; Mint; Extra Virgin Olive Oil,Quinoa tabbouleh with parsley and mint
lunch,joaquin-phoenix,Raw Kale and Avocado Salad,joaquin-phoenix__raw-kale-and-avocado-salad.png,Kale; Avocado; Sunflower Seeds; Cherry Tomatoes; Extra Virgin Olive Oil; Lemon,Massaged kale salad with avocado and seeds
lunch,joaquin-phoenix,Raw Veggie Nori Wraps,joaquin-phoenix__raw-veggie-nori-wraps.png,Nori Sheets; Hummus; Carrot; Cucumber; Avocado; Bean Sprouts,Nori wraps with hummus and raw veggies
lunch,lindsey-vonn,Roast Chicken Breast with Quinoa and Spinach,lindsey-vonn__roast-chicken-breast-with-quinoa-and-spinach.png,Chicken Breast; Quinoa; Spinach; Extra Virgin Olive Oil; Garlic; Sea Salt,"A powerhouse midday meal featuring a generous portion of seasoned chicken breast over fluffy quinoa and wilted spinach. Documented as Lindsey Vonn's go-to lunch, this dish delivers approximately 58 grams of protein for sustained muscle support throughout training."
lunch,gwyneth-paltrow,Roasted Beet and Goat Cheese Salad,gwyneth-paltrow__roasted-beet-and-goat-cheese-salad.png,Beet; Mixed Greens; Goat Cheese; Walnuts; Balsamic Vinegar; Extra Virgin Olive Oil,Roasted beets with goat cheese and walnuts
lunch,megan-thee-stallion,Salmon and Brown Rice Power Bowl,megan-thee-stallion__salmon-and-brown-rice-power-bowl.png,Salmon Fillet; Brown Rice; Kale; Avocado; Extra Virgin Olive Oil; Lemon,"Baked or pan-seared salmon fillet over a bed of steamed brown rice and massaged kale, finished with sliced avocado and a squeeze of lemon."
lunch,lindsey-vonn,Salmon and Quinoa Bowl with Spinach and Mushrooms,lindsey-vonn__salmon-and-quinoa-bowl-with-spinach-and-mushrooms.png,Salmon Fillet; Quinoa; Spinach; Mushrooms; Extra Virgin Olive Oil; Garlic,Pan-seared salmon fillet served over quinoa with sauteed mushrooms and wilted spinach — a complete omega-3-rich midday performance bowl.
lunch,lebron-james,Salmon Rice Bowl with Greens,lebron-james__salmon-rice-bowl-with-greens.png,Salmon Fillet; Brown Rice; Mixed Greens; Cucumber; Extra Virgin Olive Oil; Lemon,Salmon and brown rice bowl with greens
lunch,jennifer-aniston,Sardine and Avocado Toast,jennifer-aniston__sardine-and-avocado-toast.png,Sourdough Bread; Sardines; Avocado; Lemon; Black Pepper,Sardines and avocado on sourdough
lunch,madelaine-petsch,Spinach and Avocado Quinoa Bowl,madelaine-petsch__spinach-and-avocado-quinoa-bowl.png,Quinoa; Spinach; Avocado; Black Beans; Raspberries; Extra Virgin Olive Oil,"Warm cooked quinoa served over a bed of fresh spinach with sliced avocado, seasoned black beans, and a scatter of raspberries for a sweet-tart accent."
lunch,tom-brady,Sweet Potato and Lentil Soup,tom-brady__sweet-potato-and-lentil-soup.png,Sweet Potato; Red Lentils; Vegetable Broth; Yellow Onion; Garlic; Ginger,Sweet potato and red lentil soup
lunch,natalie-portman,Tempeh Buddha Bowl,natalie-portman__tempeh-buddha-bowl.png,Tempeh; Brown Rice; Sweet Potato; Kale; Avocado; Tamari,Tempeh bowl with sweet potato and tahini
lunch,ariana-grande,Tempeh Lettuce Wraps,ariana-grande__tempeh-lettuce-wraps.png,Tempeh; Romaine Lettuce; Sesame Oil; Garlic; Ginger; Tamari,Ginger-sesame tempeh in crisp romaine wraps
lunch,tabitha-brown,"Tempeh, Mushroom, and Avocado Sandwich",tabitha-brown__tempeh-mushroom-and-avocado-sandwich.png,Whole Wheat Bread; Tempeh; Mushrooms; Avocado; Romaine Lettuce; Tomato,"Crispy pan-fried tempeh strips and sauteed mushrooms stacked on toasted whole wheat bread with mashed avocado, romaine, and tomato."
lunch,ariana-grande,Teriyaki Tofu Rice Bowl,ariana-grande__teriyaki-tofu-rice-bowl.png,Tofu; Brown Rice; Broccoli; Edamame; Tamari; Maple Syrup,Teriyaki tofu with brown rice and edamame
lunch,tabitha-brown,TTLA Sandwich,tabitha-brown__ttla-sandwich.png,Tempeh; Whole Wheat Bread; Avocado; Tomato; Romaine Lettuce; Tamari,"Tabitha's signature tempeh bacon, tomato, romaine, and avocado sandwich on whole wheat bread — hearty, smoky, and completely plant-based."
lunch,jennifer-aniston,Tuna Niçoise Salad,jennifer-aniston__tuna-nicoise-salad.png,Tuna Steak; Eggs; Green Beans; Kalamata Olives; Cherry Tomatoes; Mixed Greens,"Tuna nicoise with egg, beans, and olives"
lunch,cristiano-ronaldo,Tuna Steak with Brown Rice and Vegetables,cristiano-ronaldo__tuna-steak-with-brown-rice-and-vegetables.png,Tuna Steak; Brown Rice; Asparagus; Sesame Oil; Sea Salt; Black Pepper,Seared tuna with brown rice and asparagus
lunch,gwyneth-paltrow,Turkey and Avocado Lettuce Wraps,gwyneth-paltrow__turkey-and-avocado-lettuce-wraps.png,Ground Turkey; Romaine Lettuce; Avocado; Salsa; Garlic; Oregano,Seasoned turkey and avocado in lettuce wraps
lunch,lebron-james,Turkey and Quinoa Stuffed Peppers,lebron-james__turkey-and-quinoa-stuffed-peppers.png,Bell Pepper; Ground Turkey; Quinoa; Yellow Onion; Garlic; Tomato Sauce,Peppers stuffed with turkey and quinoa
lunch,cristiano-ronaldo,Turkey and Sweet Potato Meal Prep Bowl,cristiano-ronaldo__turkey-and-sweet-potato-meal-prep-bowl.png,Ground Turkey; Sweet Potato; Broccoli; Garlic Powder; Onion Powder; Extra Virgin Olive Oil,Ground turkey with sweet potato and broccoli
lunch,dwayne-johnson,Turkey Breast and Sweet Potato Plate,dwayne-johnson__turkey-breast-and-sweet-potato-plate.png,Turkey Breast; Sweet Potato; Green Beans; Extra Virgin Olive Oil,Turkey breast with sweet potato and green beans
lunch,tia-clair-toomey,Turkey Mince & Jasmine Rice Bowl with Avocado,tia-clair-toomey__turkey-mince-jasmine-rice-bowl-with-avocado.png,Ground Turkey; Jasmine Rice; Avocado; Garlic; Coconut Aminos; Avocado Oil,"Seasoned ground turkey browned in a pan, served over fluffy jasmine rice and topped with creamy sliced avocado — a classic lean-protein mid-day performance plate."
lunch,cameron-diaz,Whole-Wheat Pasta with White Beans and Collard Greens,cameron-diaz__whole-wheat-pasta-with-white-beans-and-collard-greens.png,Whole Wheat Pasta; White Beans; Collard Greens; Tomato; Extra Virgin Olive Oil; Garlic,"Whole-wheat pasta tossed with white beans, ribboned collard greens wilted in pasta water, diced fresh tomato, and a lemon-olive oil finish."
lunch,gwyneth-paltrow,Wild Salmon and Arugula Salad,gwyneth-paltrow__wild-salmon-and-arugula-salad.png,Salmon Fillet; Arugula; Fennel; Avocado; Extra Virgin Olive Oil; Lemon,Wild salmon over arugula with fennel
lunch,tom-brady,Wild Salmon and Brown Rice Bowl,tom-brady__wild-salmon-and-brown-rice-bowl.png,Salmon Fillet; Brown Rice; Broccoli; Avocado; Extra Virgin Olive Oil,Wild salmon and brown rice with avocado
lunch,joaquin-phoenix,Zucchini Noodle and Pesto Bowl,joaquin-phoenix__zucchini-noodle-and-pesto-bowl.png,Zucchini; Basil; Pine Nuts; Garlic; Extra Virgin Olive Oil; Nutritional Yeast,Zucchini noodles with pine-nut pesto
snack,lebron-james,Almond Butter and Banana Rice Cake,lebron-james__almond-butter-and-banana-rice-cake.png,Rice Cakes; Almond Butter; Banana,Rice cake with almond butter and banana
snack,lindsey-vonn,Almond Butter and Kiwi Snack Plate,lindsey-vonn__almond-butter-and-kiwi-snack-plate.png,Almond Butter; Kiwi; Almonds,"Sliced fresh kiwi served alongside almond butter and a small handful of whole almonds for a simple snack delivering healthy fats, antioxidants, and vitamin C."
snack,ariana-grande,Almond Butter Banana Bites,ariana-grande__almond-butter-banana-bites.png,Banana; Almond Butter; Chia Seeds; Cacao Nibs,Banana bites with almond butter and cacao nibs
snack,madelaine-petsch,Almond Butter Banana Bites with Cacao Nibs,madelaine-petsch__almond-butter-banana-bites-with-cacao-nibs.png,Banana; Almond Butter; Cacao Nibs,Banana rounds topped with a small dollop of almond butter and finished with a few cacao nibs for crunch — a minimal two-minute whole-food snack.
snack,natalie-portman,Almond Energy Bites,natalie-portman__almond-energy-bites.png,Medjool Dates; Almond Butter; Rolled Oats; Chia Seeds,Date and almond butter oat bites
snack,gwyneth-paltrow,Almond-Crusted Protein Bites,gwyneth-paltrow__almond-crusted-protein-bites.png,Medjool Dates; Almond Butter; Coconut Flakes; Almonds,Date and almond butter bites
snack,jennifer-aniston,Almonds and Dark Chocolate,jennifer-aniston__almonds-and-dark-chocolate.png,Almonds; Dark Chocolate,Almonds with dark chocolate
snack,dwayne-johnson,Almonds and Dried Fruit,dwayne-johnson__almonds-and-dried-fruit.png,Almonds; Dried Apricots,Almonds with dried apricots
snack,lindsey-vonn,"Almonds, Kiwi and Blueberries",lindsey-vonn__almonds-kiwi-and-blueberries.png,Almonds; Kiwi; Blueberries,"Lindsey Vonn's documented snack: a simple trio of raw almonds, fresh kiwi, and blueberries that delivers healthy fats, antioxidants, and natural sugars for a quick energy refuel between meals or before a lighter training session."
snack,cameron-diaz,"Almonds, Walnuts, and Dark Chocolate Bites",cameron-diaz__almonds-walnuts-and-dark-chocolate-bites.png,Almonds; Walnuts; Dark Chocolate,A handful of mixed almonds and walnuts paired with a square of dark chocolate — a satisfying whole-food snack that replaces processed sweets.
snack,jennifer-aniston,Apple and Walnut Snack,jennifer-aniston__apple-and-walnut-snack.png,Apple; Walnuts,Apple slices with walnuts
snack,beyonce,Apple Slices with Cashew Butter,beyonce__apple-slices-with-cashew-butter.png,Apple; Cashew Butter; Cinnamon,Apple slices with cashew butter and cinnamon
snack,natalie-portman,Apple with Peanut Butter,natalie-portman__apple-with-peanut-butter.png,Apple; Peanut Butter,Apple slices with peanut butter
snack,tabitha-brown,Avocado and Hemp Seed Smash on Bread,tabitha-brown__avocado-and-hemp-seed-smash-on-bread.png,Whole Wheat Bread; Avocado; Hemp Seeds; Tomato; Sea Salt; Black Pepper,"Half an avocado mashed onto a slice of toasted whole wheat bread, topped with thin tomato slices and a sprinkle of hemp seeds."
snack,tom-brady,Avocado and Seeds Snack,tom-brady__avocado-and-seeds-snack.png,Avocado; Pumpkin Seeds; Sea Salt,Avocado with pumpkin seeds and salt
snack,gisele-bundchen,Avocado on Gluten-Free Toast with Seeds,gisele-bundchen__avocado-on-gluten-free-toast-with-seeds.png,Avocado; Ezekiel Bread; Sunflower Seeds; Pumpkin Seeds; Sea Salt; Black Pepper,"Mashed ripe avocado spread onto a toasted slice of Ezekiel bread, scattered with sunflower and pumpkin seeds for a light, satiating mid-day or pre-workout snack."
snack,tia-clair-toomey,Bacon & Egg Bites with Blueberries,tia-clair-toomey__bacon-egg-bites-with-blueberries.png,Eggs; Bacon; Blueberries; Sea Salt; Black Pepper; Avocado Oil,"Egg muffins made with whisked eggs and crumbled cooked bacon baked in a muffin tin until set, served alongside fresh blueberries for a sweet antioxidant contrast."
snack,tia-clair-toomey,Banana & Blueberry Protein Shake,tia-clair-toomey__banana-blueberry-protein-shake.png,Banana; Blueberries; Rolled Oats; Whey Protein Powder; Almond Milk,"Banana, blueberries, rolled oats, and a scoop of whey protein blended with water into a thick post-training shake that replenishes glycogen and delivers antioxidants."
snack,megan-thee-stallion,Banana Almond Milk Protein Shake,megan-thee-stallion__banana-almond-milk-protein-shake.png,Banana; Almond Milk; Plant Protein Powder,"A quick two-ingredient protein shake blending banana with almond milk and a scoop of plant protein — minimal prep, high protein between meals."
snack,madelaine-petsch,Berry and Nut Trail Mix,madelaine-petsch__berry-and-nut-trail-mix.png,Almonds; Walnuts; Cashews; Raspberries,"A simple handful-ready mix of almonds, walnuts, cashews, and raspberries for a portable whole-food snack with natural sweetness from the fruit."
snack,megan-thee-stallion,Blueberry Greek Yogurt Bowl,megan-thee-stallion__blueberry-greek-yogurt-bowl.png,Greek Yogurt; Blueberries; Honey,"Plain Greek yogurt topped with fresh blueberries — a no-prep snack with high protein and a bright, antioxidant-rich topping."
snack,tom-brady,Bone Broth Cup,tom-brady__bone-broth-cup.png,Bone Broth; Turmeric; Sea Salt,Warm bone broth with turmeric
snack,gwyneth-paltrow,Bone Broth Sipping Cup,gwyneth-paltrow__bone-broth-sipping-cup.png,Bone Broth; Sea Salt; Turmeric,Warm bone broth with turmeric
snack,tabitha-brown,Carrot Sticks and Hummus,tabitha-brown__carrot-sticks-and-hummus.png,Carrot; Hummus,Crisp carrot sticks served alongside creamy hummus — Tabitha's go-to simple snack that keeps energy steady between meals.
snack,gisele-bundchen,"Coconut Butter, Fruit, and Seeds Bowl",gisele-bundchen__coconut-butter-fruit-and-seeds-bowl.png,Coconut Oil; Mango; Chia Seeds,Sliced mango drizzled with softened coconut oil and sprinkled with chia seeds for a clean energy snack built on healthy fats and natural fruit sugars with no added sugar.
snack,cristiano-ronaldo,Cottage Cheese and Fruit Bowl,cristiano-ronaldo__cottage-cheese-and-fruit-bowl.png,Cottage Cheese; Strawberries; Blueberries; Pumpkin Seeds,Cottage cheese with berries and pumpkin seeds
snack,cameron-diaz,Crispy Roasted Chickpeas with Lemon,cameron-diaz__crispy-roasted-chickpeas-with-lemon.png,Chickpeas; Extra Virgin Olive Oil; Lemon; Sea Salt; Black Pepper; Paprika,"Chickpeas tossed in olive oil and roasted at high heat until golden and crispy, then squeezed with fresh lemon straight from the oven for a crunchy, portable snack."
snack,gwyneth-paltrow,Cucumber Avocado Bites,gwyneth-paltrow__cucumber-avocado-bites.png,Cucumber; Avocado; Sea Salt; Chili Flakes,Cucumber rounds topped with avocado
snack,gisele-bundchen,Dark Chocolate and Almond Energy Snack,gisele-bundchen__dark-chocolate-and-almond-energy-snack.png,Almonds; Dark Chocolate,A handful of raw almonds paired with two squares of dark chocolate — a satisfying whole-foods treat that avoids refined sugar.
snack,lindsey-vonn,"Dark Chocolate, Almonds, and Blueberries",lindsey-vonn__dark-chocolate-almonds-and-blueberries.png,Dark Chocolate; Almonds; Blueberries,A post-training treat of antioxidant-rich dark chocolate squares paired with raw almonds and fresh blueberries for a satisfying whole-food snack.
snack,gisele-bundchen,"Dark Chocolate, Nuts, and Fruit Snack Pack",gisele-bundchen__dark-chocolate-nuts-and-fruit-snack-pack.png,Dark Chocolate; Almonds; Apple,Two squares of 70% dark chocolate with a small handful of almonds and sliced apple — a whole-food snack that satisfies a sweet craving with no refined sugar.
snack,ariana-grande,Edamame Hummus with Veggie Sticks,ariana-grande__edamame-hummus-with-veggie-sticks.png,Edamame; Tahini; Lemon; Garlic; Sesame Oil; Cucumber,Edamame hummus with crunchy veggie sticks
snack,dwayne-johnson,Egg Whites and Toast,dwayne-johnson__egg-whites-and-toast.png,Egg Whites; Ezekiel Bread,Egg whites on Ezekiel toast
snack,beyonce,Energy Date Balls,beyonce__energy-date-balls.png,Medjool Dates; Almond Butter; Rolled Oats; Cacao Powder; Coconut Flakes,Date and oat balls with almond butter
snack,joaquin-phoenix,Fresh Fruit Plate,joaquin-phoenix__fresh-fruit-plate.png,Apple; Orange; Kiwi,"Apple, orange, and kiwi plate"
snack,megan-thee-stallion,Greek Yogurt Parfait with Granola and Berries,megan-thee-stallion__greek-yogurt-parfait-with-granola-and-berries.png,Greek Yogurt; Granola; Blueberries; Strawberries; Honey,"Layered Greek yogurt with crunchy granola, fresh blueberries, and sliced strawberries — a satisfying high-protein snack that Megan has cited as a staple between meals."
snack,lebron-james,Greek Yogurt Protein Shake,lebron-james__greek-yogurt-protein-shake.png,Greek Yogurt; Frozen Mixed Berries; Honey,Greek yogurt shake with berries and honey
snack,jennifer-aniston,Greek Yogurt with Cucumber and Dill,jennifer-aniston__greek-yogurt-with-cucumber-and-dill.png,Greek Yogurt; Cucumber; Dill; Lemon,Greek yogurt with cucumber and dill
snack,cristiano-ronaldo,Greek Yogurt with Honey and Walnuts,cristiano-ronaldo__greek-yogurt-with-honey-and-walnuts.png,Greek Yogurt; Honey; Walnuts,Greek yogurt with honey and walnuts
snack,cristiano-ronaldo,Hard-Boiled Eggs with Avocado,cristiano-ronaldo__hard-boiled-eggs-with-avocado.png,Eggs; Avocado; Sea Salt,Hard-boiled eggs with sliced avocado
snack,natalie-portman,Hummus and Veggie Plate,natalie-portman__hummus-and-veggie-plate.png,Hummus; Carrot; Cucumber; Bell Pepper,"Hummus with carrot, cucumber, and peppers"
snack,cameron-diaz,Lemon-Marinated White Bean Dip,cameron-diaz__lemon-marinated-white-bean-dip.png,White Beans; Extra Virgin Olive Oil; Lemon; Garlic; Sea Salt; Black Pepper,"White beans mashed with extra virgin olive oil and fresh lemon juice into a smooth, creamy dip, served with raw vegetables or enjoyed on its own as an afternoon snack."
snack,ariana-grande,Miso-Glazed Rice Cakes,ariana-grande__miso-glazed-rice-cakes.png,Rice Cakes; White Miso Paste; Maple Syrup; Sesame Seeds; Nori Sheets,Rice cakes with sweet miso glaze and nori
snack,gwyneth-paltrow,Mixed Nuts and Berries,gwyneth-paltrow__mixed-nuts-and-berries.png,Almonds; Walnuts; Blueberries,Almonds and walnuts with blueberries
snack,tom-brady,Mixed Nuts and Dried Fruit,tom-brady__mixed-nuts-and-dried-fruit.png,Almonds; Pecans; Dried Cranberries,Almonds and pecans with cranberries
snack,madelaine-petsch,No-Bake Oat and Almond Butter Energy Balls,madelaine-petsch__no-bake-oat-and-almond-butter-energy-balls.png,Rolled Oats; Almond Butter; Frozen Banana; Cacao Nibs,"Thawed frozen banana blended with almond butter, mixed into rolled oats and cacao nibs, rolled into compact balls, and chilled until firm."
snack,tia-clair-toomey,No-Bake Peanut Butter Oat Protein Balls,tia-clair-toomey__no-bake-peanut-butter-oat-protein-balls.png,Rolled Oats; Whey Protein Powder; Peanut Butter; Banana; Honey,"Mashed banana folded into rolled oats, whey protein, and peanut butter, rolled into balls and chilled — a convenient grab-and-go post-WOD snack delivering fast carbs and protein."
snack,joaquin-phoenix,Nuts and Seeds Mix,joaquin-phoenix__nuts-and-seeds-mix.png,Walnuts; Almonds; Pumpkin Seeds; Hemp Seeds,Mixed nuts with hemp and pumpkin seeds
snack,jennifer-aniston,Olives and Hummus Plate,jennifer-aniston__olives-and-hummus-plate.png,Kalamata Olives; Hummus; Carrot; Cucumber,Olives and hummus with veggie sticks
snack,madelaine-petsch,One-Ingredient Banana Ice Cream with Almond Butter,madelaine-petsch__one-ingredient-banana-ice-cream-with-almond-butter.png,Frozen Banana; Almond Butter,"Frozen banana blended into silky, naturally sweet ice cream swirled with almond butter — a simple whole-food dessert snack."
snack,dwayne-johnson,Peanut Butter Rice Cakes,dwayne-johnson__peanut-butter-rice-cakes.png,Rice Cakes; Peanut Butter; Honey,Rice cakes with peanut butter and honey
snack,lindsey-vonn,Peanut Butter with Blueberries and Almonds,lindsey-vonn__peanut-butter-with-blueberries-and-almonds.png,Peanut Butter; Blueberries; Almonds,"A no-prep snack plate of peanut butter, fresh blueberries, and raw almonds combining healthy fats, antioxidants, and quick natural energy."
snack,tia-clair-toomey,Post-WOD Oat Protein Shake,tia-clair-toomey__post-wod-oat-protein-shake.png,Rolled Oats; Banana; Whey Protein Powder; Almond Milk; Peanut Butter; Honey,"Blended rolled oats, banana, and whey protein create a fast-digesting post-workout snack that replenishes glycogen and kickstarts muscle repair after an intense CrossFit session."
snack,lindsey-vonn,"Post-Workout Egg White Omelet with Chicken, Broccoli and Bell Pepper",lindsey-vonn__post-workout-egg-white-omelet-with-chicken-broccoli-and-bell-pepper.png,Egg Whites; Chicken Breast; Broccoli; Bell Pepper; Extra Virgin Olive Oil; Sea Salt,"A lean, high-protein post-workout meal documented in Lindsey Vonn's performance nutrition plan. Egg whites and chicken breast deliver a rapid protein hit with minimal fat, while broccoli and bell pepper add micronutrients to support recovery."
snack,lebron-james,Protein Bar Smoothie Bowl,lebron-james__protein-bar-smoothie-bowl.png,Frozen Banana; Whey Protein Powder; Almond Milk; Granola; Strawberries,Protein smoothie bowl with granola and strawberries
snack,dwayne-johnson,Protein Pudding,dwayne-johnson__protein-pudding.png,Whey Protein Powder; Greek Yogurt; Strawberries,Whey protein pudding with strawberries
snack,cristiano-ronaldo,Protein Shake with Banana,cristiano-ronaldo__protein-shake-with-banana.png,Whey Protein Powder; Banana; Almond Milk,Whey protein shake with banana
snack,joaquin-phoenix,Raw Cashew and Date Bites,joaquin-phoenix__raw-cashew-and-date-bites.png,Raw Cashews; Medjool Dates,No-bake cashew and date bites
snack,ariana-grande,Roasted Chickpea Trail Mix,ariana-grande__roasted-chickpea-trail-mix.png,Chickpeas; Extra Virgin Olive Oil; Cumin; Smoked Paprika; Almonds; Dried Cranberries,Spiced roasted chickpeas with almonds and cranberries
snack,joaquin-phoenix,Sliced Veggies with Tahini,joaquin-phoenix__sliced-veggies-with-tahini.png,Carrot; Cucumber; Celery; Tahini,Raw veggie sticks with tahini
snack,beyonce,Spiced Roasted Chickpeas,beyonce__spiced-roasted-chickpeas.png,Chickpeas; Extra Virgin Olive Oil; Smoked Paprika; Cumin; Cayenne Pepper,Smoky paprika roasted chickpeas
snack,megan-thee-stallion,Strawberry Banana Protein Smoothie (Snack Size),megan-thee-stallion__strawberry-banana-protein-smoothie-snack-size.png,Strawberries; Frozen Banana; Almond Milk; Plant Protein Powder,A smaller-portion strawberry-banana protein smoothie blended with almond milk — a between-meal shake using the same core ingredients as the signature breakfast smoothie.
snack,tom-brady,TB12 Protein Bites,tom-brady__tb12-protein-bites.png,Medjool Dates; Almond Butter; Rolled Oats; Hemp Seeds,Date and almond butter oat bites
snack,tabitha-brown,Tempeh Bites with Carrot Sticks,tabitha-brown__tempeh-bites-with-carrot-sticks.png,Tempeh; Carrot; Avocado Oil; Tamari; Smoked Paprika,"Bite-sized cubes of tempeh pan-fried until golden and crispy, served alongside fresh raw carrot sticks."
snack,lebron-james,Trail Mix Power Pack,lebron-james__trail-mix-power-pack.png,Almonds; Walnuts; Dried Cranberries; Dark Chocolate,"Nuts, cranberries, and dark chocolate trail mix"
snack,natalie-portman,Trail Mix with Dried Fruit,natalie-portman__trail-mix-with-dried-fruit.png,Walnuts; Almonds; Dried Cranberries; Raisins,Nuts with cranberries and raisins
snack,tabitha-brown,Vegan Cheese and Tomato Open-Face Toast,tabitha-brown__vegan-cheese-and-tomato-open-face-toast.png,Whole Wheat Bread; Vegan Cheese; Tomato; Hemp Seeds,"A slice of toasted whole wheat bread topped with melted vegan cheese, fresh tomato slices, and a sprinkle of hemp seeds."
snack,beyonce,Veggies and Hummus Plate,beyonce__veggies-and-hummus-plate.png,Hummus; Carrot; Cucumber; Bell Pepper; Celery,Fresh veggies with hummus
snack,cameron-diaz,Zucchini Slices with Lemon Olive Oil Drizzle,cameron-diaz__zucchini-slices-with-lemon-olive-oil-drizzle.png,Zucchini; Extra Virgin Olive Oil; Lemon; Sea Salt; Black Pepper,"Thinly sliced raw or lightly grilled zucchini drizzled with extra virgin olive oil and fresh lemon juice for a minimal, low-calorie between-meal snack."
dinner,lebron-james,Baked Chicken Thighs with Root Vegetables,lebron-james__baked-chicken-thighs-with-root-vegetables.png,Chicken Breast; Carrot; Sweet Potato; Yellow Onion; Paprika; Garlic,Baked chicken with carrot and sweet potato
dinner,cristiano-ronaldo,Baked Cod with Roasted Vegetables,cristiano-ronaldo__baked-cod-with-roasted-vegetables.png,Cod Fillet; Cherry Tomatoes; Zucchini; Bell Pepper; Extra Virgin Olive Oil; Lemon,Baked cod with zucchini and peppers
dinner,megan-thee-stallion,Baked Cod with Sweet Potato and Kale,megan-thee-stallion__baked-cod-with-sweet-potato-and-kale.png,Cod Fillet; Sweet Potato; Kale; Extra Virgin Olive Oil; Lemon; Paprika,Herb-seasoned cod fillets roasted alongside cubed sweet potato and sauteed kale — a nutrient-dense dinner that anchors Megan's fish-forward evening meals.
dinner,lindsey-vonn,Baked Salmon with Broccoli and Spinach,lindsey-vonn__baked-salmon-with-broccoli-and-spinach.png,Salmon Fillet; Broccoli; Spinach; Extra Virgin Olive Oil; Garlic; Lemon,A simple sheet-pan dinner of herb-seasoned baked salmon fillet served alongside roasted broccoli on a bed of fresh or wilted spinach.
dinner,lindsey-vonn,Baked Salmon with Quinoa and Asparagus,lindsey-vonn__baked-salmon-with-quinoa-and-asparagus.png,Salmon Fillet; Quinoa; Asparagus; Extra Virgin Olive Oil; Lemon; Garlic,"Lindsey Vonn's documented dinner: omega-3-rich salmon fillet baked alongside tender asparagus spears, served over quinoa. This meal delivers approximately 53 grams of protein and 574 calories, supporting overnight muscle repair and recovery."
dinner,jennifer-aniston,Baked Salmon with Roasted Vegetables,jennifer-aniston__baked-salmon-with-roasted-vegetables.png,Salmon Fillet; Asparagus; Cherry Tomatoes; Zucchini; Extra Virgin Olive Oil; Lemon,Baked salmon with asparagus and tomatoes
dinner,tom-brady,Baked Salmon with Steamed Greens,tom-brady__baked-salmon-with-steamed-greens.png,Salmon Fillet; Broccoli; Kale; Lemon; Dill; Extra Virgin Olive Oil,Baked salmon with broccoli and kale
dinner,megan-thee-stallion,Baked Salmon with Sweet Potato and Avocado,megan-thee-stallion__baked-salmon-with-sweet-potato-and-avocado.png,Salmon Fillet; Sweet Potato; Avocado; Extra Virgin Olive Oil; Lemon; Paprika,"Herb-seasoned baked salmon fillet served with roasted sweet potato wedges and fresh sliced avocado — a whole-food dinner plate with balanced protein, carbs, and fat."
dinner,gisele-bundchen,Bean and Vegetable Grain Bowl with Nuts,gisele-bundchen__bean-and-vegetable-grain-bowl-with-nuts.png,Millet; Black Beans; Avocado; Kale; Broccoli; Carrot,"Spiced black beans over millet, loaded with roasted broccoli, carrot, and bell pepper, alongside kale, crushed walnuts, and sliced avocado for a fully plant-based satisfying dinner."
dinner,tia-clair-toomey,Beef Liver & Jasmine Rice Power Plate,tia-clair-toomey__beef-liver-jasmine-rice-power-plate.png,Beef Liver; Jasmine Rice; Eggs; Avocado Oil; Yellow Onion; Garlic,Pan-seared beef liver sliced and served over fluffy jasmine rice with soft-boiled eggs alongside — an iron- and micronutrient-dense recovery dinner.
dinner,madelaine-petsch,Black Bean and Broccoli Stir-Fry over Brown Rice,madelaine-petsch__black-bean-and-broccoli-stir-fry-over-brown-rice.png,Broccoli; Black Beans; Spinach; Brown Rice; Extra Virgin Olive Oil; Garlic Powder,"Broccoli florets stir-fried in olive oil until tender-crisp, tossed with black beans and wilted spinach, served over a bed of cooked brown rice."
dinner,beyonce,Cauliflower and Chickpea Bake,beyonce__cauliflower-and-chickpea-bake.png,Cauliflower; Chickpeas; Extra Virgin Olive Oil; Cumin; Paprika; Turmeric,Spiced cauliflower and chickpea bake with tahini
dinner,gwyneth-paltrow,Cauliflower Rice Risotto with Mushrooms,gwyneth-paltrow__cauliflower-rice-risotto-with-mushrooms.png,Cauliflower; Mushrooms; Shallot; Garlic; Bone Broth; Nutritional Yeast,Cauliflower-rice risotto with mushrooms
dinner,dwayne-johnson,Chicken and Quinoa Power Plate,dwayne-johnson__chicken-and-quinoa-power-plate.png,Chicken Breast; Quinoa; Brussels Sprouts; Extra Virgin Olive Oil,Chicken and quinoa with Brussels sprouts
dinner,gwyneth-paltrow,Chicken and Vegetable Stir-Fry,gwyneth-paltrow__chicken-and-vegetable-stir-fry.png,Chicken Breast; Broccoli; Bell Pepper; Mushrooms; Avocado Oil; Coconut Aminos,Chicken stir-fry with broccoli and peppers
dinner,lindsey-vonn,"Chicken Breast with Asparagus, Mushrooms, and Quinoa",lindsey-vonn__chicken-breast-with-asparagus-mushrooms-and-quinoa.png,Chicken Breast; Asparagus; Mushrooms; Quinoa; Extra Virgin Olive Oil; Garlic,"A recovery dinner of roasted chicken breast alongside seared mushrooms and asparagus, served over a base of fluffy quinoa."
dinner,cristiano-ronaldo,Chicken Breast with Sweet Potato Mash,cristiano-ronaldo__chicken-breast-with-sweet-potato-mash.png,Chicken Breast; Sweet Potato; Broccoli; Extra Virgin Olive Oil; Rosemary; Garlic,Chicken breast with sweet potato mash
dinner,natalie-portman,Coconut Chickpea Curry,natalie-portman__coconut-chickpea-curry.png,Chickpeas; Canned Coconut Milk; Tomato; Yellow Onion; Garlic; Ginger,Coconut chickpea curry over basmati rice
dinner,beyonce,Coconut Curry Lentil Stew,beyonce__coconut-curry-lentil-stew.png,Lentils; Canned Coconut Milk; Vegetable Broth; Yellow Onion; Garlic; Ginger,Coconut lentil curry over brown rice
dinner,megan-thee-stallion,Cod and Sweet Potato Kale Mash,megan-thee-stallion__cod-and-sweet-potato-kale-mash.png,Cod Fillet; Sweet Potato; Kale; Extra Virgin Olive Oil; Lemon; Sea Salt,Baked cod fillet served alongside sweet potato mashed together with wilted kale — a lower-carb dinner that swaps brown rice for creamy sweet potato.
dinner,dwayne-johnson,Cod with Rice and Mixed Greens,dwayne-johnson__cod-with-rice-and-mixed-greens.png,Cod Fillet; White Rice; Mixed Greens; Extra Virgin Olive Oil; Lemon,Baked cod with rice and mixed greens
dinner,tabitha-brown,Creamy Vegan Mac and Cheese,tabitha-brown__creamy-vegan-mac-and-cheese.png,Whole Wheat Pasta; Vegan Cheese; Raw Cashews; Oat Milk; Nutritional Yeast; Garlic Powder,"Whole wheat pasta smothered in a golden, cashew-and-vegan-cheese sauce boosted with nutritional yeast for a rich, comforting mac that satisfies without compromise."
dinner,gisele-bundchen,Fish and Vegetable Stew over Quinoa,gisele-bundchen__fish-and-vegetable-stew-over-quinoa.png,Cod Fillet; Quinoa; White Beans; Spinach; Carrot; Zucchini,"Flaked cod simmered with carrot, zucchini, bell pepper, and white beans in a light broth, served over quinoa with spinach stirred in at the end for a warming omega-3-rich one-pot dinner."
dinner,jennifer-aniston,Grilled Chicken with Mediterranean Salad,jennifer-aniston__grilled-chicken-with-mediterranean-salad.png,Chicken Breast; Cucumber; Tomato; Kalamata Olives; Feta Cheese; Extra Virgin Olive Oil,Grilled chicken with cucumber-feta salad
dinner,cristiano-ronaldo,Grilled Salmon with Asparagus,cristiano-ronaldo__grilled-salmon-with-asparagus.png,Salmon Fillet; Asparagus; Lemon; Dill; Extra Virgin Olive Oil,Grilled salmon with asparagus and dill
dinner,dwayne-johnson,Grilled Sirloin with Potato and Veggies,dwayne-johnson__grilled-sirloin-with-potato-and-veggies.png,Beef Sirloin; Russet Potato; Broccoli; Extra Virgin Olive Oil,Grilled sirloin with potato and broccoli
dinner,jennifer-aniston,Herb-Baked Cod with Artichokes,jennifer-aniston__herb-baked-cod-with-artichokes.png,Cod Fillet; Artichoke Hearts; Kalamata Olives; Extra Virgin Olive Oil; Lemon; Oregano,Herb-baked cod with artichokes and olives
dinner,gisele-bundchen,Herb-Baked Salmon with Quinoa and Mixed Greens,gisele-bundchen__herb-baked-salmon-with-quinoa-and-mixed-greens.png,Salmon Fillet; Quinoa; Vegetable Broth; Mixed Greens; Cucumber; Extra Virgin Olive Oil,"A light, omega-3-rich dinner: wild-caught salmon fillet baked with fresh herbs, served alongside fluffy quinoa and a simple mixed-greens salad dressed with lemon and olive oil."
dinner,gwyneth-paltrow,Herb-Crusted Salmon with Roasted Vegetables,gwyneth-paltrow__herb-crusted-salmon-with-roasted-vegetables.png,Salmon Fillet; Asparagus; Zucchini; Parsley; Dill; Lemon,Herb salmon with asparagus and zucchini
dinner,lebron-james,Herb-Grilled Chicken with Quinoa Salad,lebron-james__herb-grilled-chicken-with-quinoa-salad.png,Chicken Breast; Quinoa; Cherry Tomatoes; Cucumber; Extra Virgin Olive Oil; Lemon,Herb chicken with quinoa-tomato salad
dinner,tom-brady,Herb-Grilled Chicken with Root Vegetables,tom-brady__herb-grilled-chicken-with-root-vegetables.png,Chicken Breast; Sweet Potato; Carrot; Rosemary; Thyme; Extra Virgin Olive Oil,Herb chicken with sweet potato and carrot
dinner,gisele-bundchen,Herb-Roasted Chicken with Brown Rice and Leafy Greens,gisele-bundchen__herb-roasted-chicken-with-brown-rice-and-leafy-greens.png,Chicken Breast; Brown Rice; Spinach; Broccoli; Zucchini; Bell Pepper,"Oven-roasted organic chicken breast alongside a medley of broccoli, zucchini, and bell pepper, served over brown rice with wilted spinach for a classic 80/20 plate where vegetables and grain outnumber the protein."
dinner,tia-clair-toomey,Herb-Roasted Pork Tenderloin with Smashed Potato and Avocado,tia-clair-toomey__herb-roasted-pork-tenderloin-with-smashed-potato-and-avocado.png,Pork Tenderloin; Russet Potato; Avocado; Extra Virgin Olive Oil; Garlic; Rosemary,"Juicy oven-roasted pork tenderloin paired with a crispy smashed russet potato and creamy sliced avocado — a satisfying, protein-dense dinner that supports overnight muscle recovery."
dinner,tabitha-brown,Jackfruit Stuffed Whole Wheat Wraps,tabitha-brown__jackfruit-stuffed-whole-wheat-wraps.png,Whole Wheat Tortilla; Jackfruit; Vegan Cheese; Romaine Lettuce; Tomato; Avocado,"Seasoned pulled jackfruit with melted vegan cheese inside warm whole wheat tortillas, loaded with romaine, tomato, and avocado."
dinner,cristiano-ronaldo,Lean Beef Sirloin with Brown Rice,cristiano-ronaldo__lean-beef-sirloin-with-brown-rice.png,Beef Sirloin; Brown Rice; Green Beans; Garlic Powder; Sea Salt; Black Pepper,Lean sirloin with brown rice and green beans
dinner,tom-brady,Lean Chicken and Brown Rice Plate,tom-brady__lean-chicken-and-brown-rice-plate.png,Chicken Breast; Brown Rice; Asparagus; Extra Virgin Olive Oil; Thyme,Lean chicken with brown rice and asparagus
dinner,lebron-james,Lean Steak with Roasted Vegetables,lebron-james__lean-steak-with-roasted-vegetables.png,Beef Sirloin; Brussels Sprouts; Sweet Potato; Garlic; Extra Virgin Olive Oil,Lean steak with sprouts and sweet potato
dinner,gwyneth-paltrow,Lemon-Herb Roasted Chicken with Sweet Potato,gwyneth-paltrow__lemon-herb-roasted-chicken-with-sweet-potato.png,Chicken Breast; Sweet Potato; Green Beans; Lemon; Rosemary; Thyme,Lemon-herb chicken with sweet potato
dinner,cameron-diaz,Mediterranean Baked Salmon with Fennel and Artichokes,cameron-diaz__mediterranean-baked-salmon-with-fennel-and-artichokes.png,Salmon Fillet; Fennel; Artichoke Hearts; Extra Virgin Olive Oil; Lemon; Thyme,"Salmon fillet roasted alongside fennel and artichoke hearts with lemon, olive oil, and fresh herbs — a simple, elegant dinner centered on Mediterranean longevity staples."
dinner,cameron-diaz,Mediterranean Collard Green and Bean Stew,cameron-diaz__mediterranean-collard-green-and-bean-stew.png,Collard Greens; Chickpeas; Tomato; Extra Virgin Olive Oil; Garlic; Lemon,"Collard greens braised low and slow with chickpeas, crushed tomato, and olive oil until the greens are silky and the broth is thick, finished with lemon."
dinner,ariana-grande,Mushroom and Edamame Donburi,ariana-grande__mushroom-and-edamame-donburi.png,White Rice; Shiitake Mushrooms; Edamame; Sesame Oil; Tamari; Maple Syrup,"Rice bowl with shiitake, edamame, and nori"
dinner,beyonce,Mushroom and Lentil Bolognese,beyonce__mushroom-and-lentil-bolognese.png,Mushrooms; Lentils; Tomato Sauce; Yellow Onion; Garlic; Extra Virgin Olive Oil,Mushroom-lentil bolognese over whole wheat pasta
dinner,natalie-portman,Mushroom and Walnut Bolognese,natalie-portman__mushroom-and-walnut-bolognese.png,Mushrooms; Walnuts; Tomato Sauce; Yellow Onion; Garlic; Oregano,Mushroom-walnut bolognese over whole wheat pasta
dinner,lebron-james,Pan-Seared Salmon with Sweet Potato and Broccoli,lebron-james__pan-seared-salmon-with-sweet-potato-and-broccoli.png,Salmon Fillet; Sweet Potato; Broccoli; Extra Virgin Olive Oil; Lemon,Salmon with sweet potato and broccoli
dinner,tabitha-brown,Pasta with Mushroom and Vegan Cheese Sauce,tabitha-brown__pasta-with-mushroom-and-vegan-cheese-sauce.png,Whole Wheat Pasta; Mushrooms; Vegan Cheese; Tomato; Avocado Oil; Garlic Powder,"Whole wheat pasta tossed with sauteed mushrooms and diced tomato folded into a rich, glossy melted vegan cheese sauce."
dinner,tia-clair-toomey,Pork Tenderloin with Roasted Potato & Avocado,tia-clair-toomey__pork-tenderloin-with-roasted-potato-avocado.png,Pork Tenderloin; Russet Potato; Avocado; Extra Virgin Olive Oil; Garlic; Rosemary,"Herb-seasoned pork tenderloin and diced russet potato roasted together until golden, sliced and plated with fresh avocado — a lean-protein dinner with satisfying carbs and fat for overnight recovery."
dinner,tabitha-brown,Pulled Jackfruit Tacos,tabitha-brown__pulled-jackfruit-tacos.png,Jackfruit; Corn Tortillas; Avocado; Yellow Onion; Garlic; Cumin,"Smoky pulled jackfruit seasoned with cumin, smoked paprika, and black pepper, piled into corn tortillas with avocado and fresh cilantro."
dinner,madelaine-petsch,Quinoa-Stuffed Avocado with Spinach and Black Beans,madelaine-petsch__quinoa-stuffed-avocado-with-spinach-and-black-beans.png,Quinoa; Spinach; Black Beans; Avocado; Cacao Nibs; Sea Salt,"Avocado halves filled with warm quinoa, wilted spinach, and seasoned black beans, garnished with cacao nibs as a nutty finishing touch."
dinner,tom-brady,Quinoa-Stuffed Butternut Squash,tom-brady__quinoa-stuffed-butternut-squash.png,Butternut Squash; Quinoa; Dried Cranberries; Pecans; Sage; Extra Virgin Olive Oil,Butternut squash stuffed with quinoa and pecans
dinner,cameron-diaz,Quinoa-Stuffed Zucchini with Tomato and Chickpeas,cameron-diaz__quinoa-stuffed-zucchini-with-tomato-and-chickpeas.png,Quinoa; Zucchini; Tomato; Chickpeas; Extra Virgin Olive Oil; Lemon,"Zucchini halves hollowed out and filled with cooked quinoa mixed with crushed tomato and chickpeas, drizzled with olive oil and roasted until tender, served with lemon wedges."
dinner,joaquin-phoenix,Raw Cashew Pad Thai,joaquin-phoenix__raw-cashew-pad-thai.png,Zucchini; Carrot; Raw Cashews; Lime; Tamari; Ginger,Raw veggie noodles with cashew-lime sauce
dinner,madelaine-petsch,Roasted Broccoli Steaks with Brown Rice and Black Beans,madelaine-petsch__roasted-broccoli-steaks-with-brown-rice-and-black-beans.png,Broccoli; Brown Rice; Black Beans; Yellow Onion; Garlic; Extra Virgin Olive Oil,Thick broccoli florets roasted until caramelised and served over brown rice and spiced black beans — a satisfying whole-food vegan dinner.
dinner,joaquin-phoenix,Roasted Cauliflower with Chickpeas and Tahini,joaquin-phoenix__roasted-cauliflower-with-chickpeas-and-tahini.png,Cauliflower; Chickpeas; Extra Virgin Olive Oil; Cumin; Tahini; Lemon,Roasted cauliflower and chickpeas with tahini
dinner,lindsey-vonn,"Salmon with Bell Pepper, Onion, and Broccoli",lindsey-vonn__salmon-with-bell-pepper-onion-and-broccoli.png,Salmon Fillet; Bell Pepper; Yellow Onion; Broccoli; Extra Virgin Olive Oil; Garlic,"Pan-seared salmon fillet served alongside roasted broccoli and a quick saute of sliced bell pepper and yellow onion for a low-carb, micronutrient-rich dinner."
dinner,megan-thee-stallion,Salmon with Brown Rice and Kale,megan-thee-stallion__salmon-with-brown-rice-and-kale.png,Salmon Fillet; Brown Rice; Kale; Extra Virgin Olive Oil; Lemon; Sea Salt,"Oven-roasted salmon fillet alongside steamed brown rice and sauteed kale — a streamlined, satisfying dinner with clean flavors."
dinner,dwayne-johnson,Salmon with Sweet Potato Mash,dwayne-johnson__salmon-with-sweet-potato-mash.png,Salmon Fillet; Sweet Potato; Asparagus; Extra Virgin Olive Oil,Salmon with sweet potato mash and asparagus
dinner,tia-clair-toomey,Seared Beef Sirloin with White Rice and Mixed Greens,tia-clair-toomey__seared-beef-sirloin-with-white-rice-and-mixed-greens.png,Beef Sirloin; White Rice; Mixed Greens; Cherry Tomatoes; Avocado Oil; Lemon,"A pan-seared beef sirloin steak over fluffy white rice alongside a simple mixed greens salad — a clean, high-protein dinner that mirrors the whole-food eating style Tia-Clair Toomey follows through her competitive season."
dinner,tia-clair-toomey,Seared Steak with Smashed Potato & Avocado,tia-clair-toomey__seared-steak-with-smashed-potato-avocado.png,Beef Sirloin; Russet Potato; Avocado; Avocado Oil; Garlic; Rosemary,"Pan-seared beef sirloin cooked to your preferred doneness, served alongside a crispy smashed russet potato and fanned fresh avocado — a whole-food dinner built to maximize overnight protein synthesis."
dinner,jennifer-aniston,Shrimp and Quinoa Bowl,jennifer-aniston__shrimp-and-quinoa-bowl.png,Shrimp; Quinoa; Arugula; Cherry Tomatoes; Garlic; Paprika,Paprika shrimp over quinoa and arugula
dinner,joaquin-phoenix,Simple Vegetable and Lentil Soup,joaquin-phoenix__simple-vegetable-and-lentil-soup.png,Lentils; Vegetable Broth; Celery; Carrot; Yellow Onion; Bay Leaves,Simple lentil soup with carrot and celery
dinner,beyonce,Stuffed Bell Peppers with Quinoa and Black Beans,beyonce__stuffed-bell-peppers-with-quinoa-and-black-beans.png,Bell Pepper; Quinoa; Black Beans; Corn; Salsa; Cumin,Peppers stuffed with quinoa and black beans
dinner,natalie-portman,Stuffed Sweet Potatoes with Black Beans,natalie-portman__stuffed-sweet-potatoes-with-black-beans.png,Sweet Potato; Black Beans; Salsa; Avocado; Cilantro; Lime,Sweet potatoes stuffed with black beans
dinner,joaquin-phoenix,Sweet Potato and Black Bean Chili,joaquin-phoenix__sweet-potato-and-black-bean-chili.png,Sweet Potato; Black Beans; Tomato; Yellow Onion; Garlic; Vegetable Broth,Sweet potato and black bean chili
dinner,ariana-grande,Sweet Potato Curry,ariana-grande__sweet-potato-curry.png,Sweet Potato; Canned Coconut Milk; Red Curry Paste; Yellow Onion; Garlic; Spinach,Coconut sweet potato curry over jasmine rice
dinner,tabitha-brown,Tempeh and Mushroom Pasta Bake,tabitha-brown__tempeh-and-mushroom-pasta-bake.png,Whole Wheat Pasta; Tempeh; Mushrooms; Vegan Cheese; Tomato; Avocado Oil,"Whole wheat pasta tossed with browned crumbled tempeh, mushrooms, and tomato, then baked under a layer of melted vegan cheese until bubbling."
dinner,ariana-grande,Tempeh and Vegetable Noodle Bowl,ariana-grande__tempeh-and-vegetable-noodle-bowl.png,Rice Noodles; Tempeh; Bok Choy; Carrot; Bean Sprouts; Sesame Oil,"Rice noodles with tempeh, bok choy, and lime"
dinner,natalie-portman,Tofu Stir-Fry with Vegetables,natalie-portman__tofu-stir-fry-with-vegetables.png,Tofu; Broccoli; Carrot; Bell Pepper; Tamari; Ginger,Tofu stir-fry with broccoli over brown rice
dinner,madelaine-petsch,Vegan Cheesy Broccoli and Black Bean Rice Bake,madelaine-petsch__vegan-cheesy-broccoli-and-black-bean-rice-bake.png,Broccoli; Black Beans; Brown Rice; Vegan Cheese; Spinach; Extra Virgin Olive Oil,"Brown rice, broccoli, spinach, and black beans tossed in olive oil in a baking dish, topped with shredded vegan cheese and baked until bubbly and golden."
dinner,ariana-grande,Veggie Stir-Fry with Tofu,ariana-grande__veggie-stir-fry-with-tofu.png,Tofu; Brown Rice; Broccoli; Bell Pepper; Snow Peas; Tamari,Tofu stir-fry with broccoli and snow peas
dinner,cameron-diaz,Whole-Wheat Pasta with Lentil Tomato Sauce,cameron-diaz__whole-wheat-pasta-with-lentil-tomato-sauce.png,Whole Wheat Pasta; Lentils; Tomato; Extra Virgin Olive Oil; Garlic; Lemon,"Whole-wheat pasta topped with a slow-simmered lentil and crushed tomato ragu finished in olive oil, brightened at the table with a squeeze of fresh lemon."
smoothie,ariana-grande,Berry Acai Power Smoothie,ariana-grande__berry-acai-power-smoothie.png,Acai Puree; Frozen Mixed Berries; Frozen Banana; Almond Milk; Chia Seeds,Acai berry smoothie with banana and chia
smoothie,jennifer-aniston,Berry and Flax Smoothie,jennifer-aniston__berry-and-flax-smoothie.png,Frozen Mixed Berries; Frozen Banana; Ground Flaxseed; Almond Milk; Honey,Mixed berry smoothie with flaxseed
smoothie,gwyneth-paltrow,Berry Collagen Smoothie,gwyneth-paltrow__berry-collagen-smoothie.png,Frozen Mixed Berries; Collagen Peptides; Almond Milk; Almond Butter; Honey,Berry collagen smoothie with almond butter
smoothie,cristiano-ronaldo,Berry Protein Blast,cristiano-ronaldo__berry-protein-blast.png,Whey Protein Powder; Frozen Mixed Berries; Almond Milk; Chia Seeds,Whey protein smoothie with mixed berries
smoothie,tom-brady,Blueberry Anti-Inflammatory Smoothie,tom-brady__blueberry-anti-inflammatory-smoothie.png,Blueberries; Frozen Banana; Almond Milk; Ground Flaxseed; Turmeric; Ginger,Blueberry smoothie with flaxseed and turmeric
smoothie,beyonce,Chocolate Peanut Butter Power Smoothie,beyonce__chocolate-peanut-butter-power-smoothie.png,Frozen Banana; Peanut Butter; Cacao Powder; Oat Milk; Medjool Dates,Chocolate peanut butter smoothie with dates
smoothie,dwayne-johnson,Chocolate Protein Smoothie,dwayne-johnson__chocolate-protein-smoothie.png,Whey Protein Powder; Cacao Powder; Frozen Banana; Almond Butter; Oat Milk,Chocolate whey smoothie with almond butter
smoothie,joaquin-phoenix,Green Apple Ginger Smoothie,joaquin-phoenix__green-apple-ginger-smoothie.png,Apple; Spinach; Ginger; Lemon; Coconut Water; Flax Seeds,Green apple and ginger smoothie
smoothie,gwyneth-paltrow,Green Detox Smoothie,gwyneth-paltrow__green-detox-smoothie.png,Spinach; Cucumber; Apple; Lemon; Ginger; Avocado,"Green smoothie with cucumber, apple, and ginger"
smoothie,natalie-portman,Green Goddess Smoothie,natalie-portman__green-goddess-smoothie.png,Spinach; Frozen Banana; Almond Milk; Almond Butter; Hemp Seeds,Banana-spinach smoothie with hemp seeds
smoothie,cameron-diaz,Green Longevity Smoothie,cameron-diaz__green-longevity-smoothie.png,Kale; Banana; Blueberries; Almond Milk; Chia Seeds; Lemon,"Kale, banana, blueberries, and almond milk blended with chia seeds and a squeeze of lemon — a nutrient-dense smoothie inspired by Cameron's whole-food, anti-inflammatory approach."
smoothie,jennifer-aniston,Green Mediterranean Smoothie,jennifer-aniston__green-mediterranean-smoothie.png,Spinach; Frozen Banana; Collagen Peptides; Almond Milk; Walnuts,Banana-spinach smoothie with collagen and walnuts
smoothie,lebron-james,Green Recovery Smoothie,lebron-james__green-recovery-smoothie.png,Spinach; Frozen Banana; Whey Protein Powder; Almond Butter; Almond Milk,Spinach-banana recovery smoothie with protein
smoothie,megan-thee-stallion,Kale and Blueberry Recovery Smoothie,megan-thee-stallion__kale-and-blueberry-recovery-smoothie.png,Almond Milk; Kale; Frozen Banana; Blueberries; Plant Protein Powder,"A nutrient-dense green smoothie with kale, blueberries, banana, and plant protein — designed for post-workout muscle recovery with antioxidant-rich ingredients."
smoothie,natalie-portman,Mango Turmeric Smoothie,natalie-portman__mango-turmeric-smoothie.png,Frozen Mango; Frozen Banana; Coconut Milk; Turmeric; Ginger,Mango turmeric smoothie with ginger
smoothie,dwayne-johnson,Mass Gain Shake,dwayne-johnson__mass-gain-shake.png,Whey Protein Powder; Frozen Banana; Rolled Oats; Peanut Butter; Oat Milk,High-calorie shake with oats and peanut butter
smoothie,ariana-grande,Matcha Banana Smoothie,ariana-grande__matcha-banana-smoothie.png,Frozen Banana; Matcha Powder; Almond Milk; Almond Butter; Maple Syrup,Matcha banana smoothie with almond butter
smoothie,cristiano-ronaldo,Post-Workout Recovery Smoothie,cristiano-ronaldo__post-workout-recovery-smoothie.png,Whey Protein Powder; Frozen Banana; Peanut Butter; Oat Milk; Honey,"Whey, banana, and peanut butter shake"
smoothie,joaquin-phoenix,Raw Cacao and Banana Smoothie,joaquin-phoenix__raw-cacao-and-banana-smoothie.png,Frozen Banana; Cacao Powder; Almond Milk; Medjool Dates; Almond Butter,Raw cacao banana smoothie with dates
smoothie,madelaine-petsch,Spinach and Berry Power Smoothie,madelaine-petsch__spinach-and-berry-power-smoothie.png,Spinach; Frozen Mixed Berries; Banana; Almond Milk; Plant Protein Powder; Maple Syrup,"A vibrant green-purple smoothie packed with spinach, frozen berries, banana, and plant protein — a quick whole-food fuel source."
smoothie,tom-brady,TB12 Performance Smoothie,tom-brady__tb12-performance-smoothie.png,Frozen Banana; Plant Protein Powder; Spinach; Almond Butter; Almond Milk,Plant-protein smoothie with spinach and almond butter
smoothie,beyonce,Tropical Green Smoothie,beyonce__tropical-green-smoothie.png,Spinach; Frozen Mango; Pineapple; Frozen Banana; Coconut Water; Ground Flaxseed,Mango-pineapple green smoothie with spinach
smoothie,gisele-bundchen,Tropical Green Smoothie,gisele-bundchen__tropical-green-smoothie.png,Frozen Mango; Frozen Banana; Spinach; Coconut Water; Chia Seeds; Hemp Seeds,"A vibrant fruit-and-greens blended breakfast with banana, mango, spinach, and chia seeds — Gisele's style of starting the day with plant nutrition."
smoothie,lebron-james,Tropical Performance Smoothie,lebron-james__tropical-performance-smoothie.png,Frozen Mango; Pineapple; Whey Protein Powder; Coconut Water; Chia Seeds,Mango-pineapple smoothie with protein
